"ddg.num","ddg.type","ddg.from","ddg.to"
1,"cf","p1","p2"
2,"cf","p2","p3"
3,"cf","p3","p4"
4,"cf","p4","p5"
5,"df.out","p5","d1"
6,"cf","p5","p6"
7,"df.in","d1","p6"
8,"cf","p6","p7"
9,"cf","p7","p8"
10,"df.out","p8","d2"
11,"cf","p8","p9"
12,"df.in","d1","p9"
13,"df.out","p9","d3"
14,"cf","p9","p10"
15,"df.in","d3","p10"
16,"df.out","p10","d4"
17,"cf","p10","p11"
18,"df.out","p11","d5"
19,"cf","p11","p12"
20,"cf","p12","p13"
21,"df.out","p13","d6"
22,"cf","p13","p14"
23,"df.in","d1","p14"
24,"df.in","d5","p14"
25,"df.in","d6","p14"
26,"df.in","d7","p14"
27,"df.in","d8","p14"
28,"df.in","d9","p14"
29,"df.in","d10","p14"
30,"df.in","d11","p14"
31,"df.in","d12","p14"
32,"df.in","d13","p14"
33,"df.in","d14","p14"
34,"df.in","d15","p14"
35,"df.in","d16","p14"
36,"df.in","d17","p14"
37,"df.in","d18","p14"
38,"df.in","d19","p14"
39,"df.in","d20","p14"
40,"df.in","d21","p14"
41,"df.in","d22","p14"
42,"df.in","d23","p14"
43,"df.in","d24","p14"
44,"df.in","d25","p14"
45,"df.in","d26","p14"
46,"df.in","d27","p14"
47,"df.in","d28","p14"
48,"df.in","d29","p14"
49,"df.in","d30","p14"
50,"df.in","d31","p14"
51,"df.in","d32","p14"
52,"df.in","d33","p14"
53,"df.in","d34","p14"
54,"df.in","d35","p14"
55,"df.in","d36","p14"
56,"df.in","d37","p14"
57,"df.in","d38","p14"
58,"df.in","d39","p14"
59,"df.in","d40","p14"
60,"df.in","d41","p14"
61,"df.in","d42","p14"
62,"df.in","d43","p14"
63,"df.in","d44","p14"
64,"df.in","d45","p14"
65,"df.in","d46","p14"
66,"df.in","d47","p14"
67,"df.in","d48","p14"
68,"df.in","d49","p14"
69,"df.in","d50","p14"
70,"df.in","d51","p14"
71,"df.in","d52","p14"
72,"df.in","d53","p14"
73,"df.in","d54","p14"
74,"df.in","d55","p14"
75,"df.in","d56","p14"
76,"df.in","d57","p14"
77,"df.in","d58","p14"
78,"df.in","d59","p14"
79,"df.in","d60","p14"
80,"df.in","d61","p14"
81,"df.in","d62","p14"
82,"df.in","d63","p14"
83,"df.in","d64","p14"
84,"df.in","d65","p14"
85,"df.in","d66","p14"
86,"df.in","d67","p14"
87,"df.in","d68","p14"
88,"df.in","d69","p14"
89,"df.in","d70","p14"
90,"df.in","d71","p14"
91,"df.in","d72","p14"
92,"df.in","d73","p14"
93,"df.in","d74","p14"
94,"df.in","d75","p14"
95,"df.in","d76","p14"
96,"df.in","d77","p14"
97,"df.in","d78","p14"
98,"df.in","d79","p14"
99,"df.in","d80","p14"
100,"df.in","d81","p14"
101,"df.in","d82","p14"
102,"df.in","d83","p14"
103,"df.in","d84","p14"
104,"df.in","d85","p14"
105,"df.in","d86","p14"
106,"df.in","d87","p14"
107,"df.in","d88","p14"
108,"df.in","d89","p14"
109,"df.in","d90","p14"
110,"df.in","d91","p14"
111,"df.in","d92","p14"
112,"df.in","d93","p14"
113,"df.in","d94","p14"
114,"df.in","d95","p14"
115,"df.in","d96","p14"
116,"df.in","d97","p14"
117,"df.in","d98","p14"
118,"df.in","d99","p14"
119,"df.in","d100","p14"
120,"df.in","d101","p14"
121,"df.in","d102","p14"
122,"df.in","d103","p14"
123,"df.in","d104","p14"
124,"df.in","d105","p14"
125,"df.in","d106","p14"
126,"df.in","d107","p14"
127,"df.in","d108","p14"
128,"df.in","d109","p14"
129,"df.in","d110","p14"
130,"df.in","d111","p14"
131,"df.in","d112","p14"
132,"df.in","d113","p14"
133,"df.in","d114","p14"
134,"df.in","d115","p14"
135,"df.in","d116","p14"
136,"df.in","d117","p14"
137,"df.in","d118","p14"
138,"df.in","d119","p14"
139,"df.in","d120","p14"
140,"df.in","d121","p14"
141,"df.in","d122","p14"
142,"df.out","p14","d123"
143,"df.out","p14","d124"
144,"df.out","p14","d125"
145,"df.out","p14","d126"
146,"df.out","p14","d127"
147,"df.out","p14","d128"
148,"cf","p14","p15"
149,"cf","p15","p16"
150,"df.in","d1","p16"
151,"df.in","d6","p16"
152,"df.in","d122","p16"
153,"df.in","d129","p16"
154,"df.in","d130","p16"
155,"df.in","d131","p16"
156,"df.in","d132","p16"
157,"df.in","d133","p16"
158,"df.in","d134","p16"
159,"df.in","d135","p16"
160,"df.in","d136","p16"
161,"df.in","d137","p16"
162,"df.in","d138","p16"
163,"df.in","d139","p16"
164,"df.in","d140","p16"
165,"df.in","d141","p16"
166,"df.in","d142","p16"
167,"df.in","d143","p16"
168,"df.in","d144","p16"
169,"df.in","d145","p16"
170,"df.in","d146","p16"
171,"df.in","d147","p16"
172,"df.in","d148","p16"
173,"df.in","d149","p16"
174,"df.in","d150","p16"
175,"df.in","d151","p16"
176,"df.in","d152","p16"
177,"df.in","d153","p16"
178,"df.in","d154","p16"
179,"df.in","d155","p16"
180,"df.in","d119","p16"
181,"df.in","d156","p16"
182,"df.in","d157","p16"
183,"df.in","d158","p16"
184,"df.in","d159","p16"
185,"df.in","d160","p16"
186,"df.in","d161","p16"
187,"df.in","d162","p16"
188,"df.in","d163","p16"
189,"df.in","d164","p16"
190,"df.in","d165","p16"
191,"df.in","d166","p16"
192,"df.in","d167","p16"
193,"df.in","d168","p16"
194,"df.in","d126","p16"
195,"df.in","d169","p16"
196,"df.in","d170","p16"
197,"df.in","d171","p16"
198,"df.in","d120","p16"
199,"df.in","d172","p16"
200,"df.in","d173","p16"
201,"df.in","d174","p16"
202,"df.in","d175","p16"
203,"df.in","d176","p16"
204,"df.in","d177","p16"
205,"df.in","d178","p16"
206,"df.in","d179","p16"
207,"df.in","d180","p16"
208,"df.in","d181","p16"
209,"df.in","d182","p16"
210,"df.in","d183","p16"
211,"df.out","p16","d184"
212,"df.out","p16","d185"
213,"df.out","p16","d186"
214,"df.out","p16","d187"
215,"df.out","p16","d188"
216,"df.out","p16","d189"
217,"df.out","p16","d190"
218,"df.out","p16","d191"
219,"df.out","p16","d192"
220,"df.out","p16","d193"
221,"df.out","p16","d194"
222,"df.out","p16","d195"
223,"df.out","p16","d196"
224,"df.out","p16","d197"
225,"df.out","p16","d198"
226,"df.out","p16","d199"
227,"df.out","p16","d200"
228,"df.out","p16","d201"
229,"df.out","p16","d202"
230,"df.out","p16","d203"
231,"df.out","p16","d204"
232,"df.out","p16","d205"
233,"df.out","p16","d206"
234,"df.out","p16","d207"
235,"df.out","p16","d208"
236,"df.out","p16","d209"
237,"df.out","p16","d210"
238,"df.out","p16","d211"
239,"df.out","p16","d212"
240,"df.out","p16","d213"
241,"df.out","p16","d214"
242,"df.out","p16","d215"
243,"df.out","p16","d216"
244,"df.out","p16","d217"
245,"cf","p16","p17"
246,"df.in","d184","p17"
247,"cf","p17","p18"
248,"df.in","d1","p18"
249,"df.in","d6","p18"
250,"df.in","d155","p18"
251,"df.in","d168","p18"
252,"df.in","d126","p18"
253,"df.in","d218","p18"
254,"df.in","d219","p18"
255,"df.in","d220","p18"
256,"df.in","d221","p18"
257,"df.in","d222","p18"
258,"df.in","d223","p18"
259,"df.in","d224","p18"
260,"df.in","d225","p18"
261,"df.in","d226","p18"
262,"df.in","d227","p18"
263,"df.in","d228","p18"
264,"df.in","d229","p18"
265,"df.in","d230","p18"
266,"df.in","d231","p18"
267,"df.in","d232","p18"
268,"df.in","d233","p18"
269,"df.in","d234","p18"
270,"df.in","d235","p18"
271,"df.in","d236","p18"
272,"df.in","d237","p18"
273,"df.in","d238","p18"
274,"df.in","d239","p18"
275,"df.in","d240","p18"
276,"df.in","d241","p18"
277,"df.in","d242","p18"
278,"df.in","d243","p18"
279,"df.out","p18","d244"
280,"df.out","p18","d245"
281,"df.out","p18","d246"
282,"df.out","p18","d247"
283,"df.out","p18","d248"
284,"df.out","p18","d249"
285,"df.out","p18","d250"
286,"df.out","p18","d251"
287,"df.out","p18","d252"
288,"df.out","p18","d253"
289,"df.out","p18","d254"
290,"df.out","p18","d255"
291,"df.out","p18","d256"
292,"df.out","p18","d257"
293,"df.out","p18","d258"
294,"df.out","p18","d259"
295,"df.out","p18","d260"
296,"df.out","p18","d261"
297,"df.out","p18","d262"
298,"df.out","p18","d263"
299,"df.out","p18","d264"
300,"df.out","p18","d265"
301,"df.out","p18","d266"
302,"df.out","p18","d267"
303,"df.out","p18","d268"
304,"df.out","p18","d269"
305,"df.out","p18","d270"
306,"df.out","p18","d271"
307,"df.out","p18","d272"
308,"df.out","p18","d273"
309,"df.out","p18","d274"
310,"df.out","p18","d275"
311,"df.out","p18","d276"
312,"df.out","p18","d277"
313,"df.out","p18","d278"
314,"df.out","p18","d279"
315,"df.out","p18","d280"
316,"df.out","p18","d281"
317,"df.out","p18","d282"
318,"df.out","p18","d283"
319,"df.out","p18","d284"
320,"df.out","p18","d285"
321,"df.out","p18","d286"
322,"df.out","p18","d287"
323,"df.out","p18","d288"
324,"df.out","p18","d289"
325,"df.out","p18","d290"
326,"df.out","p18","d291"
327,"df.out","p18","d292"
328,"df.out","p18","d293"
329,"df.out","p18","d294"
330,"df.out","p18","d295"
331,"df.out","p18","d296"
332,"df.out","p18","d297"
333,"df.out","p18","d298"
334,"df.out","p18","d299"
335,"df.out","p18","d300"
336,"df.out","p18","d301"
337,"df.out","p18","d302"
338,"df.out","p18","d303"
339,"df.out","p18","d304"
340,"df.out","p18","d305"
341,"df.out","p18","d306"
342,"df.out","p18","d307"
343,"df.out","p18","d308"
344,"df.out","p18","d309"
345,"df.out","p18","d310"
346,"df.out","p18","d311"
347,"df.out","p18","d312"
348,"df.out","p18","d313"
349,"df.out","p18","d314"
350,"df.out","p18","d315"
351,"df.out","p18","d316"
352,"df.out","p18","d317"
353,"df.out","p18","d318"
354,"df.out","p18","d319"
355,"df.out","p18","d320"
356,"df.out","p18","d321"
357,"df.out","p18","d322"
358,"df.out","p18","d323"
359,"df.out","p18","d324"
360,"df.out","p18","d325"
361,"df.out","p18","d326"
362,"df.out","p18","d327"
363,"df.out","p18","d328"
364,"df.out","p18","d329"
365,"df.out","p18","d330"
366,"df.out","p18","d331"
367,"df.out","p18","d332"
368,"df.out","p18","d333"
369,"df.out","p18","d334"
370,"df.out","p18","d335"
371,"df.out","p18","d336"
372,"df.out","p18","d337"
373,"df.out","p18","d338"
374,"df.out","p18","d339"
375,"df.out","p18","d340"
376,"df.out","p18","d341"
377,"df.out","p18","d342"
378,"df.out","p18","d343"
379,"df.out","p18","d344"
380,"df.out","p18","d345"
381,"df.out","p18","d346"
382,"df.out","p18","d347"
383,"df.out","p18","d348"
384,"df.out","p18","d349"
385,"df.out","p18","d350"
386,"df.out","p18","d351"
387,"df.out","p18","d352"
388,"df.out","p18","d353"
389,"df.out","p18","d354"
390,"df.out","p18","d355"
391,"df.out","p18","d356"
392,"df.out","p18","d357"
393,"df.out","p18","d358"
394,"df.out","p18","d359"
395,"df.out","p18","d360"
396,"df.out","p18","d361"
397,"df.out","p18","d362"
398,"df.out","p18","d363"
399,"df.out","p18","d364"
400,"df.out","p18","d365"
401,"df.out","p18","d366"
402,"df.out","p18","d367"
403,"df.out","p18","d368"
404,"df.out","p18","d369"
405,"df.out","p18","d370"
406,"df.out","p18","d371"
407,"df.out","p18","d372"
408,"df.out","p18","d373"
409,"df.out","p18","d374"
410,"df.out","p18","d375"
411,"df.out","p18","d376"
412,"df.out","p18","d377"
413,"df.out","p18","d378"
414,"df.out","p18","d379"
415,"df.out","p18","d380"
416,"df.out","p18","d381"
417,"df.out","p18","d382"
418,"cf","p18","p19"
419,"df.in","d1","p19"
420,"df.in","d6","p19"
421,"df.in","d259","p19"
422,"df.in","d379","p19"
423,"df.in","d274","p19"
424,"df.in","d304","p19"
425,"df.in","d319","p19"
426,"df.in","d334","p19"
427,"df.in","d364","p19"
428,"df.in","d349","p19"
429,"df.in","d253","p19"
430,"df.in","d373","p19"
431,"df.in","d268","p19"
432,"df.in","d292","p19"
433,"df.in","d313","p19"
434,"df.in","d328","p19"
435,"df.in","d358","p19"
436,"df.in","d343","p19"
437,"df.in","d247","p19"
438,"df.in","d367","p19"
439,"df.in","d262","p19"
440,"df.in","d280","p19"
441,"df.in","d307","p19"
442,"df.in","d322","p19"
443,"df.in","d352","p19"
444,"df.in","d337","p19"
445,"df.in","d250","p19"
446,"df.in","d370","p19"
447,"df.in","d265","p19"
448,"df.in","d286","p19"
449,"df.in","d310","p19"
450,"df.in","d325","p19"
451,"df.in","d355","p19"
452,"df.in","d340","p19"
453,"df.in","d256","p19"
454,"df.in","d376","p19"
455,"df.in","d271","p19"
456,"df.in","d298","p19"
457,"df.in","d316","p19"
458,"df.in","d331","p19"
459,"df.in","d361","p19"
460,"df.in","d346","p19"
461,"df.in","d241","p19"
462,"df.in","d383","p19"
463,"df.in","d243","p19"
464,"df.in","d384","p19"
465,"df.out","p19","d385"
466,"df.out","p19","d386"
467,"df.out","p19","d387"
468,"df.out","p19","d388"
469,"df.out","p19","d389"
470,"df.out","p19","d390"
471,"cf","p19","p20"
472,"df.in","d1","p20"
473,"df.in","d5","p20"
474,"df.in","d6","p20"
475,"df.in","d386","p20"
476,"df.in","d383","p20"
477,"df.in","d384","p20"
478,"df.out","p20","d391"
479,"df.out","p20","d392"
480,"df.out","p20","d393"
481,"df.out","p20","d394"
482,"df.out","p20","d395"
483,"cf","p20","p21"
484,"df.in","d391","p21"
485,"df.out","p21","d396"
486,"cf","p21","p22"
487,"df.out","p22","d397"
488,"df.in","d396","p22"
